id,first_name,last_name,email,age,salary
1,Keith,Green,kgreen0@vkontakte.ru,45,53870
2,Raymond,Washington,rwashington1@eepurl.com,43,92030
3,Brenda,Clark,bclark2@mysql.com,46,38983
4,Gloria,Lee,glee3@slate.com,22,33124
5,Jane,Shaw,jshaw4@trellian.com,59,99125
6,David,Thomas,dthomas5@netlog.com,39,79041
7,Kathryn,Gardner,kgardner6@discuz.net,23,80592
8,Phyllis,Ramos,pramos7@spiegel.de,34,26783
9,Cynthia,Evans,cevans8@webs.com,48,77308
10,Alan,Daniels,adaniels9@google.cn,31,21619
11,Joshua,Arnold,jarnolda@china.com.cn,49,81940
12,Carlos,Vasquez,cvasquezb@princeton.edu,26,82658
13,David,Jenkins,djenkinsc@techcrunch.com,61,63557
14,Keith,Stone,kstoned@smugmug.com,28,44446
15,Joseph,Griffin,jgriffine@histats.com,44,86583
16,Randy,Jackson,rjacksonf@upenn.edu,38,56016
17,Johnny,Brown,jbrowng@psu.edu,39,74557
18,Elizabeth,Brooks,ebrooksh@mlb.com,54,16910
19,Pamela,Lee,pleei@nih.gov,37,94627
20,Anne,Harris,aharrisj@github.io,27,26710
21,Carl,King,ckingk@nationalgeographic.com,57,45935
22,Beverly,Fernandez,bfernandezl@samsung.com,29,45437
23,Keith,Marshall,kmarshallm@list-manage.com,65,55081
24,Emily,Henderson,ehendersonn@rambler.ru,50,24008
25,Maria,Williams,mwilliamso@discuz.net,35,26306
26,Emily,Perkins,eperkinsp@yelp.com,51,18409
27,Terry,Bailey,tbaileyq@seesaa.net,24,60758
28,Teresa,Martinez,tmartinezr@fastcompany.com,30,64557
29,Earl,Lopez,elopezs@elpais.com,39,24135
30,Annie,Garza,agarzat@psu.edu,56,31266
31,Harry,Baker,hbakeru@state.gov,32,64774
32,Billy,Anderson,bandersonv@cnn.com,23,72938
33,Irene,Ray,irayw@opera.com,22,21866
34,Albert,James,ajamesx@bravesites.com,44,57005
35,Lois,Ruiz,lruizy@foxnews.com,46,47659
36,Arthur,Vasquez,avasquezz@ustream.tv,49,49711
37,Andrew,Fields,afields10@nature.com,47,96470
38,George,Shaw,gshaw11@wix.com,48,46924
39,Tammy,Lawson,tlawson12@icio.us,59,43049
40,Beverly,Hanson,bhanson13@webs.com,25,48556
41,Bonnie,Jackson,bjackson14@google.ru,45,42284
42,Jean,Thompson,jthompson15@nifty.com,55,18900
43,Joyce,Taylor,jtaylor16@weibo.com,42,20004
44,Mary,Henderson,mhenderson17@nps.gov,35,55112
45,Gregory,Roberts,groberts18@samsung.com,58,83672
46,Carolyn,Gibson,cgibson19@kickstarter.com,36,98401
47,Steve,Ruiz,sruiz1a@aol.com,50,77324
48,Stephanie,Thomas,sthomas1b@fema.gov,49,61870
49,Paul,Williams,pwilliams1c@skyrock.com,25,21749
50,Rose,Cooper,rcooper1d@walmart.com,57,19482
51,Lawrence,Gonzales,lgonzales1e@naver.com,37,25016
52,Paul,Rice,price1f@wunderground.com,40,46909
53,Thomas,Burton,tburton1g@independent.co.uk,38,66568
54,Scott,Wilson,swilson1h@liveinternet.ru,38,64714
55,Bonnie,Wright,bwright1i@msu.edu,28,53809
56,Irene,Howard,ihoward1j@barnesandnoble.com,42,37373
57,Gary,Ruiz,gruiz1k@hhs.gov,50,31899
58,Jean,Frazier,jfrazier1l@furl.net,25,46901
59,Fred,Fowler,ffowler1m@bbb.org,31,67329
60,Julie,Bradley,jbradley1n@icq.com,50,93749
61,Dennis,Freeman,dfreeman1o@networkadvertising.org,57,99923
62,Louise,Fox,lfox1p@huffingtonpost.com,24,66962
63,Jeremy,James,jjames1q@salon.com,52,15240
64,Kelly,Vasquez,kvasquez1r@drupal.org,21,18347
65,Kathleen,Mason,kmason1s@census.gov,28,23603
66,Shirley,Allen,sallen1t@go.com,37,64039
67,Denise,Simmons,dsimmons1u@biglobe.ne.jp,59,35221
68,Eugene,Romero,eromero1v@shutterfly.com,32,46543
69,Norma,Ellis,nellis1w@discuz.net,64,99206
70,Victor,Schmidt,vschmidt1x@blogger.com,23,68297
71,Lawrence,Clark,lclark1y@newyorker.com,39,74435
72,Tammy,James,tjames1z@cam.ac.uk,35,37812
73,Phyllis,Perkins,pperkins20@bloglovin.com,26,82830
74,Joan,Hall,jhall21@desdev.cn,46,85442
75,Aaron,Allen,aallen22@harvard.edu,64,38200
76,Jane,Payne,jpayne23@deviantart.com,24,34772
77,Kimberly,Ford,kford24@sakura.ne.jp,40,17597
78,George,Knight,gknight25@cargocollective.com,41,99546
79,Marilyn,Warren,mwarren26@nsw.gov.au,51,65702
80,Jesse,Ellis,jellis27@issuu.com,62,98985
81,David,Nelson,dnelson28@soup.io,63,32801
82,Johnny,White,jwhite29@desdev.cn,47,60709
83,Dorothy,Perry,dperry2a@ask.com,29,63917
84,Annie,Baker,abaker2b@godaddy.com,32,90894
85,Jose,Graham,jgraham2c@unesco.org,32,46031
86,Jacqueline,Hansen,jhansen2d@umich.edu,25,29747
87,Louis,Howard,lhoward2e@dmoz.org,49,79323
88,Helen,Martin,hmartin2f@mayoclinic.com,20,47833
89,Samuel,Richards,srichards2g@acquirethisname.com,61,83169
90,Jeffrey,Alvarez,jalvarez2h@myspace.com,41,52492
91,Wanda,Franklin,wfranklin2i@foxnews.com,55,32439
92,Harry,Russell,hrussell2j@cnn.com,20,93791
93,Catherine,Carr,ccarr2k@amazon.co.uk,20,54745
94,Barbara,Warren,bwarren2l@huffingtonpost.com,47,23275
95,Jessica,Fowler,jfowler2m@nifty.com,42,94823
96,Christopher,Wagner,cwagner2n@infoseek.co.jp,28,25797
97,Martin,Martin,mmartin2o@independent.co.uk,55,91366
98,Phyllis,Jacobs,pjacobs2p@loc.gov,35,87417
99,Donna,Ferguson,dferguson2q@livejournal.com,52,88335
100,Virginia,Matthews,vmatthews2r@xrea.com,33,15799
101,Gerald,Montgomery,gmontgomery2s@dagondesign.com,43,79574
102,Ruth,Ramos,rramos2t@prnewswire.com,30,76174
103,Gregory,Nelson,gnelson2u@addtoany.com,22,92754
104,Norma,Crawford,ncrawford2v@quantcast.com,55,23819
105,Roger,Graham,rgraham2w@list-manage.com,55,91168
106,Kathy,Lawrence,klawrence2x@skyrock.com,21,45228
107,Jose,Cox,jcox2y@flavors.me,52,84872
108,Maria,Palmer,mpalmer2z@e-recht24.de,50,88335
109,Ralph,Peterson,rpeterson30@bizjournals.com,62,66148
110,Jack,Sanchez,jsanchez31@bloomberg.com,21,71440
111,Anthony,Hansen,ahansen32@twitpic.com,21,62095
112,Stephen,Martin,smartin33@loc.gov,37,47415
113,Ann,Gonzalez,agonzalez34@japanpost.jp,59,99434
114,Ralph,Berry,rberry35@howstuffworks.com,63,24534
115,Julie,Ellis,jellis36@hostgator.com,64,88461
116,Norma,Foster,nfoster37@cnn.com,39,94809
117,Judith,Nelson,jnelson38@npr.org,41,98835
118,Jesse,Cruz,jcruz39@hhs.gov,39,63995
119,Irene,Wright,iwright3a@youku.com,55,75468
120,Kathleen,Medina,kmedina3b@bigcartel.com,30,81582
121,Stephen,Lewis,slewis3c@psu.edu,51,75002
122,Carolyn,Gonzalez,cgonzalez3d@issuu.com,26,38842
123,Bonnie,Robertson,brobertson3e@google.it,32,25466
124,Phyllis,Lawson,plawson3f@furl.net,32,43045
125,Judith,Pierce,jpierce3g@digg.com,65,50507
126,Julie,Schmidt,jschmidt3h@umich.edu,33,44111
127,Carol,Kim,ckim3i@free.fr,46,78459
128,George,Graham,ggraham3j@hatena.ne.jp,51,90977
129,Sandra,Hernandez,shernandez3k@hugedomains.com,44,96177
130,Joan,Clark,jclark3l@quantcast.com,29,16802
131,Kathleen,Carroll,kcarroll3m@examiner.com,37,96921
132,Louise,Myers,lmyers3n@google.ca,60,50527
133,Jacqueline,Lewis,jlewis3o@usatoday.com,57,72491
134,Wanda,Bryant,wbryant3p@mapy.cz,65,88875
135,Martin,Rogers,mrogers3q@artisteer.com,47,28235
136,Judy,Reynolds,jreynolds3r@youtu.be,62,97380
137,Lori,Day,lday3s@xrea.com,65,67471
138,Eric,Thompson,ethompson3t@washingtonpost.com,24,52714
139,Anne,Kelley,akelley3u@jugem.jp,26,57459
140,Paul,Freeman,pfreeman3v@gov.uk,38,60240
141,Michael,Ramirez,mramirez3w@xing.com,38,41171
142,Pamela,Reid,preid3x@xing.com,58,61061
143,Kathy,Stevens,kstevens3y@npr.org,24,20068
144,Paula,Murray,pmurray3z@foxnews.com,41,89879
145,Clarence,Jenkins,cjenkins40@washingtonpost.com,26,86465
146,Jonathan,Willis,jwillis41@howstuffworks.com,63,70931
147,Randy,Coleman,rcoleman42@sogou.com,21,18683
148,Nicholas,Gray,ngray43@omniture.com,27,35841
149,Catherine,Hawkins,chawkins44@harvard.edu,38,19510
150,Timothy,Fields,tfields45@joomla.org,27,60195
151,Keith,Flores,kflores46@printfriendly.com,61,75298
152,Christine,Peterson,cpeterson47@list-manage.com,54,20144
153,Rachel,Dixon,rdixon48@360.cn,60,50729
154,Teresa,Knight,tknight49@wisc.edu,37,97656
155,Johnny,Carter,jcarter4a@geocities.jp,58,67345
156,Annie,Martin,amartin4b@ustream.tv,57,42545
157,Eric,Knight,eknight4c@delicious.com,61,67597
158,Bonnie,Ross,bross4d@independent.co.uk,49,50520
159,Teresa,Perez,tperez4e@booking.com,39,20001
160,Carol,Hamilton,chamilton4f@usgs.gov,53,36238
161,Alan,Perkins,aperkins4g@istockphoto.com,31,29728
162,Jason,Fuller,jfuller4h@sogou.com,51,27173
163,Daniel,Gibson,dgibson4i@si.edu,36,23945
164,George,Perry,gperry4j@bbc.co.uk,29,92183
165,Ruby,Cunningham,rcunningham4k@whitehouse.gov,32,35352
166,Irene,Fuller,ifuller4l@hc360.com,54,20869
167,Jennifer,Ramos,jramos4m@macromedia.com,65,46597
168,Eric,Little,elittle4n@youku.com,55,87794
169,Phillip,Allen,pallen4o@washingtonpost.com,60,19287
170,Melissa,Howell,mhowell4p@g.co,51,94881
171,Albert,Watkins,awatkins4q@ed.gov,65,58057
172,Wanda,Grant,wgrant4r@arizona.edu,39,28499
173,Amanda,Montgomery,amontgomery4s@ucoz.ru,39,87642
174,Harry,Fields,hfields4t@github.io,46,71295
175,William,Gray,wgray4u@mapquest.com,28,48461
176,Steve,Mason,smason4v@godaddy.com,35,59651
177,Debra,Rodriguez,drodriguez4w@gov.uk,34,87196
178,Louise,Hamilton,lhamilton4x@cam.ac.uk,48,91761
179,Nancy,Gibson,ngibson4y@washington.edu,58,78327
180,Ernest,Fowler,efowler4z@sakura.ne.jp,25,31877
181,Steve,Webb,swebb50@mediafire.com,55,35912
182,Joshua,Gordon,jgordon51@ameblo.jp,50,50742
183,Eugene,Hamilton,ehamilton52@yahoo.co.jp,58,54369
184,Janet,Cox,jcox53@mysql.com,40,44181
185,Norma,Alvarez,nalvarez54@discovery.com,57,81120
186,Jason,Allen,jallen55@taobao.com,24,81445
187,Barbara,Collins,bcollins56@devhub.com,27,23596
188,Craig,Rivera,crivera57@about.com,27,60479
189,Emily,Richardson,erichardson58@cnet.com,35,98132
190,Gary,Weaver,gweaver59@google.de,39,16982
191,Nicole,Ryan,nryan5a@tripadvisor.com,46,78545
192,Justin,Willis,jwillis5b@ycombinator.com,26,19927
193,George,Foster,gfoster5c@sourceforge.net,53,50262
194,Justin,Woods,jwoods5d@nyu.edu,23,42784
195,Christine,Jenkins,cjenkins5e@fotki.com,60,33112
196,Carol,Pierce,cpierce5f@dmoz.org,32,86721
197,Diana,Romero,dromero5g@flavors.me,55,78753
198,Andrea,Bradley,abradley5h@sohu.com,62,73475
199,Chris,Lane,clane5i@census.gov,52,51328
200,Diana,Morris,dmorris5j@sina.com.cn,33,52731
201,Eugene,Castillo,ecastillo5k@blogs.com,30,81730
202,Diana,Hughes,dhughes5l@bandcamp.com,20,24263
203,Ruth,Wilson,rwilson5m@wufoo.com,65,58842
204,Ruby,Welch,rwelch5n@constantcontact.com,43,39073
205,Jeffrey,Burns,jburns5o@wikipedia.org,61,79414
206,Charles,Porter,cporter5p@devhub.com,59,74530
207,Nancy,Bradley,nbradley5q@sakura.ne.jp,33,44750
208,Melissa,Roberts,mroberts5r@bing.com,56,35754
209,Jacqueline,Chavez,jchavez5s@businessweek.com,42,20397
210,Mark,Little,mlittle5t@kickstarter.com,33,59758
211,Gerald,Murray,gmurray5u@cocolog-nifty.com,56,37011
212,Daniel,Greene,dgreene5v@patch.com,31,66829
213,Joan,Hall,jhall5w@free.fr,40,47415
214,Larry,Wells,lwells5x@wordpress.com,22,46758
215,Martin,Ruiz,mruiz5y@naver.com,42,64146
216,Patricia,Little,plittle5z@canalblog.com,36,36417
217,Ann,Elliott,aelliott60@dmoz.org,25,66638
218,Sean,Hudson,shudson61@aboutads.info,51,52945
219,Ernest,Hunt,ehunt62@youtube.com,58,90165
220,Bonnie,Garcia,bgarcia63@parallels.com,54,91459
221,Ashley,Stanley,astanley64@census.gov,43,64556
222,Angela,Bradley,abradley65@csmonitor.com,52,26982
223,Peter,Sanchez,psanchez66@rediff.com,54,32972
224,Marilyn,Baker,mbaker67@phpbb.com,20,81830
225,Harry,Arnold,harnold68@issuu.com,45,73591
226,Kimberly,Allen,kallen69@trellian.com,20,51078
227,Keith,Baker,kbaker6a@i2i.jp,23,35667
228,Martha,Mcdonald,mmcdonald6b@issuu.com,41,41200
229,Henry,Evans,hevans6c@un.org,46,58523
230,John,Garza,jgarza6d@biglobe.ne.jp,65,23848
231,Lillian,Smith,lsmith6e@admin.ch,50,99674
232,Wayne,Hanson,whanson6f@walmart.com,41,77642
233,Shirley,Snyder,ssnyder6g@google.it,40,40656
234,Dennis,Ford,dford6h@vkontakte.ru,56,46199
235,Ruby,Moore,rmoore6i@e-recht24.de,35,97842
236,Ann,Rogers,arogers6j@utexas.edu,48,73369
237,Keith,Lawson,klawson6k@yellowbook.com,51,60601
238,Earl,Reynolds,ereynolds6l@yale.edu,49,23718
239,Harold,Henderson,hhenderson6m@deviantart.com,34,96926
240,Laura,Price,lprice6n@ebay.com,49,99855
241,John,Hall,jhall6o@opera.com,30,24510
242,Patrick,Castillo,pcastillo6p@irs.gov,35,46626
243,Carol,Riley,criley6q@dailymail.co.uk,21,37691
244,Nancy,Young,nyoung6r@wiley.com,34,40242
245,Margaret,Stewart,mstewart6s@timesonline.co.uk,55,21245
246,Shawn,Morris,smorris6t@ow.ly,65,88914
247,Karen,Chapman,kchapman6u@geocities.jp,21,34643
248,Margaret,Simmons,msimmons6v@engadget.com,60,91682
249,Louise,Patterson,lpatterson6w@uiuc.edu,26,19265
250,Annie,Austin,aaustin6x@stanford.edu,55,80377
251,Janet,Gardner,jgardner6y@arstechnica.com,48,69996
252,Jean,Elliott,jelliott6z@ucla.edu,41,18779
253,Carolyn,Marshall,cmarshall70@slashdot.org,58,88133
254,Michelle,Black,mblack71@toplist.cz,31,55949
255,Andrew,Mitchell,amitchell72@businesswire.com,25,96695
256,Philip,Harrison,pharrison73@drupal.org,64,50957
257,Theresa,Clark,tclark74@ehow.com,41,84343
258,Ronald,Kelly,rkelly75@hostgator.com,24,67880
259,Judy,Lane,jlane76@skyrock.com,29,48364
260,Thomas,Sullivan,tsullivan77@free.fr,27,17305
261,Todd,Warren,twarren78@amazon.de,24,32262
262,Gary,Montgomery,gmontgomery79@delicious.com,65,53470
263,Ryan,Larson,rlarson7a@issuu.com,42,54240
264,Nancy,Dunn,ndunn7b@4shared.com,45,39372
265,Anna,Black,ablack7c@sciencedirect.com,24,96950
266,Anna,Spencer,aspencer7d@google.ru,47,53733
267,Matthew,Bailey,mbailey7e@lycos.com,55,93023
268,Patricia,Sanders,psanders7f@github.io,35,91387
269,Virginia,Rose,vrose7g@privacy.gov.au,54,62176
270,Earl,Hall,ehall7h@unesco.org,62,85444
271,Brenda,Wood,bwood7i@plala.or.jp,55,66434
272,Paula,Perez,pperez7j@cargocollective.com,65,15510
273,Ruth,Kelley,rkelley7k@w3.org,53,69753
274,Lisa,Dean,ldean7l@amazon.co.jp,59,73962
275,Arthur,Kelly,akelly7m@msu.edu,22,44161
276,Barbara,Montgomery,bmontgomery7n@bandcamp.com,50,25039
277,Jean,Williamson,jwilliamson7o@eepurl.com,47,92971
278,James,Webb,jwebb7p@wordpress.com,58,90093
279,Amanda,Hamilton,ahamilton7q@un.org,46,27983
280,Charles,Stanley,cstanley7r@yandex.ru,32,62182
281,Roger,Bryant,rbryant7s@usgs.gov,37,66473
282,Sean,King,sking7t@mit.edu,30,55133
283,Ruth,Crawford,rcrawford7u@webeden.co.uk,26,33352
284,Virginia,Howell,vhowell7v@purevolume.com,63,59068
285,Wanda,Oliver,woliver7w@google.co.uk,37,40219
286,Julia,Watkins,jwatkins7x@washingtonpost.com,55,43660
287,Victor,Tucker,vtucker7y@webnode.com,50,52585
288,Jack,King,jking7z@imgur.com,49,21822
289,Jacqueline,Smith,jsmith80@berkeley.edu,52,50953
290,Robert,Wells,rwells81@bloglines.com,20,91159
291,Margaret,Gilbert,mgilbert82@prweb.com,64,83514
292,Robin,Kelley,rkelley83@wiley.com,25,40530
293,Frank,Willis,fwillis84@paypal.com,48,52331
294,Sarah,Fowler,sfowler85@yellowpages.com,22,99535
295,Bobby,Rose,brose86@msn.com,25,80424
296,Joan,James,jjames87@sciencedaily.com,22,62879
297,Melissa,Gilbert,mgilbert88@msu.edu,55,92359
298,Ronald,Mcdonald,rmcdonald89@wikia.com,63,75971
299,Christina,Jones,cjones8a@odnoklassniki.ru,53,86464
300,Marie,Lawrence,mlawrence8b@boston.com,43,74284
301,Sarah,Garcia,sgarcia8c@patch.com,46,98547
302,Jeremy,Jordan,jjordan8d@hp.com,23,36263
303,Andrew,Hicks,ahicks8e@timesonline.co.uk,62,66330
304,Jerry,Robertson,jrobertson8f@weather.com,47,42920
305,Billy,Knight,bknight8g@lycos.com,43,77253
306,Jessica,Brown,jbrown8h@ebay.co.uk,32,93434
307,Karen,Rice,krice8i@foxnews.com,24,41402
308,Sean,Watson,swatson8j@newsvine.com,41,46082
309,Joshua,Gordon,jgordon8k@edublogs.org,23,38580
310,Victor,Adams,vadams8l@latimes.com,36,54046
311,Juan,Andrews,jandrews8m@tmall.com,46,67043
312,Ruth,Fernandez,rfernandez8n@moonfruit.com,25,47016
313,Tina,Peters,tpeters8o@hugedomains.com,58,90835
314,Jimmy,Myers,jmyers8p@bloglines.com,50,16293
315,Christina,Ellis,cellis8q@cornell.edu,51,34552
316,David,Bell,dbell8r@cbslocal.com,30,29733
317,Samuel,Butler,sbutler8s@edublogs.org,53,50254
318,Henry,Washington,hwashington8t@artisteer.com,63,88217
319,Amy,Hamilton,ahamilton8u@cafepress.com,20,54662
320,Brenda,Ward,bward8v@si.edu,53,61624
321,Ernest,Duncan,eduncan8w@unesco.org,52,28296
322,Raymond,Greene,rgreene8x@seattletimes.com,54,21300
323,Sandra,Rice,srice8y@joomla.org,33,41519
324,Dorothy,Simmons,dsimmons8z@gravatar.com,31,88909
325,Ernest,Bradley,ebradley90@cdbaby.com,23,87781
326,Christopher,Franklin,cfranklin91@mysql.com,44,18718
327,Brenda,Murphy,bmurphy92@macromedia.com,49,59149
328,Fred,Wright,fwright93@guardian.co.uk,59,18314
329,Melissa,Reid,mreid94@myspace.com,22,57435
330,Cheryl,Berry,cberry95@sina.com.cn,49,27404
331,Terry,Powell,tpowell96@shareasale.com,53,28788
332,Rachel,Taylor,rtaylor97@uol.com.br,20,65641
333,Harold,Rivera,hrivera98@sitemeter.com,56,70609
334,Raymond,Romero,rromero99@list-manage.com,53,95940
335,Amy,Lane,alane9a@quantcast.com,51,56526
336,Jeremy,Dixon,jdixon9b@hud.gov,58,64010
337,Juan,Richards,jrichards9c@mozilla.com,30,66028
338,Matthew,Nelson,mnelson9d@samsung.com,51,29328
339,Sara,Roberts,sroberts9e@mac.com,52,62889
340,Mark,Kelley,mkelley9f@discuz.net,45,71843
341,Keith,Cunningham,kcunningham9g@economist.com,36,75379
342,Beverly,Kim,bkim9h@dyndns.org,38,92893
343,Randy,Wood,rwood9i@hc360.com,34,20106
344,Theresa,Porter,tporter9j@ft.com,42,89666
345,Samuel,Lee,slee9k@angelfire.com,38,28923
346,Larry,Ferguson,lferguson9l@ifeng.com,48,65878
347,Samuel,Elliott,selliott9m@fema.gov,62,94941
348,Jane,Phillips,jphillips9n@chicagotribune.com,45,87139
349,Jose,Wood,jwood9o@google.com.br,35,86957
350,Shirley,Ruiz,sruiz9p@redcross.org,64,74647
351,Juan,Green,jgreen9q@odnoklassniki.ru,32,80177
352,Joyce,Carr,jcarr9r@berkeley.edu,37,39295
353,Tammy,Martin,tmartin9s@harvard.edu,28,72304
354,Robert,Mendoza,rmendoza9t@zdnet.com,55,96636
355,Joshua,Watkins,jwatkins9u@skyrock.com,27,24513
356,Howard,Dean,hdean9v@eepurl.com,20,60520
357,Peter,Stanley,pstanley9w@answers.com,28,70799
358,Scott,Garrett,sgarrett9x@bbc.co.uk,50,85542
359,Heather,Gordon,hgordon9y@comcast.net,32,85590
360,Lori,White,lwhite9z@freewebs.com,24,59576
361,Chris,Mcdonald,cmcdonalda0@hibu.com,30,72423
362,Ronald,Scott,rscotta1@gov.uk,50,47843
363,Jennifer,Welch,jwelcha2@patch.com,50,21874
364,Jeremy,Jones,jjonesa3@over-blog.com,55,63796
365,Samuel,Webb,swebba4@elegantthemes.com,33,79449
366,Tammy,Reid,treida5@geocities.com,39,76574
367,Jane,Gonzales,jgonzalesa6@ucla.edu,33,81094
368,William,Cox,wcoxa7@comsenz.com,27,55131
369,Chris,Hernandez,chernandeza8@over-blog.com,45,84189
370,Patrick,Ward,pwarda9@nyu.edu,53,50404
371,Kathy,Armstrong,karmstrongaa@com.com,31,74327
372,Randy,Ward,rwardab@4shared.com,48,29381
373,Wanda,Sanders,wsandersac@list-manage.com,55,98907
374,Christine,Ramirez,cramirezad@free.fr,49,70618
375,Heather,Alexander,halexanderae@samsung.com,43,42707
376,Wayne,Kelly,wkellyaf@w3.org,63,19582
377,Tammy,Medina,tmedinaag@nydailynews.com,46,33728
378,Judy,Hudson,jhudsonah@google.ru,31,36822
379,Theresa,Harper,tharperai@jimdo.com,45,76639
380,Lillian,Lawson,llawsonaj@alexa.com,29,50682
381,Maria,West,mwestak@wikipedia.org,49,67339
382,Ruth,Gutierrez,rgutierrezal@newyorker.com,65,38203
383,Gloria,Allen,gallenam@netvibes.com,30,21970
384,Deborah,Gray,dgrayan@cbsnews.com,65,26665
385,Stephen,Black,sblackao@wired.com,65,43809
386,Michael,Carr,mcarrap@cocolog-nifty.com,50,27165
387,Norma,Perry,nperryaq@tmall.com,51,34795
388,Rose,Palmer,rpalmerar@gizmodo.com,43,21776
389,Judy,Jacobs,jjacobsas@freewebs.com,58,75529
390,Janice,Richardson,jrichardsonat@mozilla.com,41,39676
391,Martin,Lawson,mlawsonau@omniture.com,58,59528
392,Victor,Fields,vfieldsav@independent.co.uk,47,66329
393,Frances,Cooper,fcooperaw@paginegialle.it,32,39448
394,Harold,Murray,hmurrayax@lulu.com,46,95813
395,Billy,Wilson,bwilsonay@army.mil,58,91299
396,Daniel,Morrison,dmorrisonaz@unc.edu,55,55870
397,Louise,George,lgeorgeb0@microsoft.com,27,94733
398,Cynthia,Barnes,cbarnesb1@exblog.jp,46,92708
399,Scott,Medina,smedinab2@virginia.edu,32,44759
400,Eugene,Woods,ewoodsb3@state.gov,47,34154
401,Lawrence,Kennedy,lkennedyb4@wunderground.com,39,90567
402,Bobby,Payne,bpayneb5@goodreads.com,65,71262
403,Willie,Montgomery,wmontgomeryb6@i2i.jp,42,90819
404,Dennis,Fernandez,dfernandezb7@yellowbook.com,40,43843
405,Brian,Willis,bwillisb8@mtv.com,49,37165
406,Henry,Nelson,hnelsonb9@dailymotion.com,46,79613
407,Stephanie,Sims,ssimsba@cpanel.net,25,69176
408,Peter,Hughes,phughesbb@usnews.com,54,71796
409,Jean,Austin,jaustinbc@php.net,25,38529
410,Terry,Bennett,tbennettbd@jimdo.com,41,37999
411,Wayne,Torres,wtorresbe@liveinternet.ru,37,66056
412,Richard,Hernandez,rhernandezbf@surveymonkey.com,37,76062
413,Matthew,Greene,mgreenebg@youku.com,62,62555
414,Dennis,Mcdonald,dmcdonaldbh@mayoclinic.com,24,21201
415,Jeremy,Taylor,jtaylorbi@theatlantic.com,28,57386
416,Dorothy,Williams,dwilliamsbj@ning.com,29,87363
417,Ernest,Hayes,ehayesbk@bravesites.com,48,96920
418,Jennifer,Scott,jscottbl@newyorker.com,48,71250
419,Michael,Baker,mbakerbm@vkontakte.ru,53,58810
420,Rachel,Murray,rmurraybn@storify.com,57,35211
421,Elizabeth,Gonzalez,egonzalezbo@devhub.com,43,55932
422,Wanda,Jackson,wjacksonbp@bbb.org,49,42478
423,Irene,Frazier,ifrazierbq@army.mil,32,24108
424,Lori,Perry,lperrybr@delicious.com,20,44302
425,Patricia,Dunn,pdunnbs@live.com,38,81519
426,Frances,Garrett,fgarrettbt@amazon.de,51,44176
427,Jimmy,Gutierrez,jgutierrezbu@webmd.com,52,85626
428,Tammy,Torres,ttorresbv@google.com,65,52057
429,Ralph,Bennett,rbennettbw@tripadvisor.com,33,61577
430,Alice,Alexander,aalexanderbx@seattletimes.com,58,22670
431,Ronald,Graham,rgrahamby@biblegateway.com,22,26428
432,Alan,Ryan,aryanbz@economist.com,52,47558
433,Carl,Lewis,clewisc0@dedecms.com,40,95425
434,Matthew,Green,mgreenc1@virginia.edu,36,72271
435,Brandon,Lynch,blynchc2@printfriendly.com,65,88077
436,Harry,Cooper,hcooperc3@yellowpages.com,23,90706
437,Martha,Brown,mbrownc4@oracle.com,27,64286
438,Anthony,Morris,amorrisc5@vk.com,49,68810
439,Rachel,Lane,rlanec6@altervista.org,27,45996
440,Ann,Richardson,arichardsonc7@wp.com,35,17272
441,Kevin,Harris,kharrisc8@mlb.com,52,38316
442,Lori,Wells,lwellsc9@over-blog.com,36,44163
443,Randy,Daniels,rdanielsca@tiny.cc,53,18155
444,Jessica,Fisher,jfishercb@ocn.ne.jp,48,25126
445,Jessica,Duncan,jduncancc@army.mil,57,96065
446,Kelly,Dean,kdeancd@slashdot.org,54,55701
447,Ernest,Bryant,ebryantce@army.mil,20,86360
448,Kathryn,Nichols,knicholscf@eventbrite.com,21,83002
449,Jason,Perez,jperezcg@clickbank.net,40,87502
450,Ruby,Price,rpricech@last.fm,52,80074
451,Martin,Gonzalez,mgonzalezci@cmu.edu,56,42574
452,Kelly,Lewis,klewiscj@sphinn.com,52,38602
453,Jerry,Porter,jporterck@pbs.org,21,70408
454,Bobby,Garcia,bgarciacl@yolasite.com,61,76288
455,Richard,Jenkins,rjenkinscm@dailymail.co.uk,43,88851
456,Carolyn,Price,cpricecn@weibo.com,54,19107
457,Janice,Wright,jwrightco@ft.com,36,56034
458,Jack,Brooks,jbrookscp@shutterfly.com,47,98629
459,Janice,Perez,jperezcq@tmall.com,29,66096
460,Louise,Williamson,lwilliamsoncr@discovery.com,46,73331
461,Keith,Simpson,ksimpsoncs@apache.org,42,44723
462,Kathy,Morgan,kmorganct@etsy.com,58,80837
463,Rachel,Howell,rhowellcu@tripod.com,35,97388
464,Donald,Hill,dhillcv@kickstarter.com,50,74952
465,Bobby,Watkins,bwatkinscw@boston.com,27,25098
466,Joe,Pierce,jpiercecx@technorati.com,27,48029
467,Todd,Mason,tmasoncy@home.pl,56,42130
468,Nicholas,Perry,nperrycz@squidoo.com,38,86004
469,Pamela,Robertson,probertsond0@diigo.com,39,73101
470,Roy,Chavez,rchavezd1@ted.com,62,40586
471,Gerald,Castillo,gcastillod2@census.gov,31,24670
472,Norma,Rice,nriced3@eventbrite.com,20,19211
473,Marilyn,Little,mlittled4@posterous.com,44,65776
474,Dennis,Romero,dromerod5@sogou.com,25,42338
475,Alice,Sanchez,asanchezd6@nifty.com,29,53424
476,Laura,Garcia,lgarciad7@nifty.com,32,85156
477,Patrick,Tucker,ptuckerd8@dyndns.org,59,59657
478,Joan,Ford,jfordd9@abc.net.au,35,32420
479,Jesse,Fuller,jfullerda@about.com,53,46037
480,Joyce,Bowman,jbowmandb@sitemeter.com,27,99632
481,Dennis,Boyd,dboyddc@rediff.com,30,75688
482,Howard,Roberts,hrobertsdd@theglobeandmail.com,64,58273
483,Sandra,Shaw,sshawde@aboutads.info,29,16585
484,Phyllis,Fisher,pfisherdf@patch.com,38,19629
485,Gregory,Scott,gscottdg@seesaa.net,63,41469
486,Julia,Henry,jhenrydh@tiny.cc,23,94518
487,Mark,Lynch,mlynchdi@nhs.uk,49,22678
488,Benjamin,Gomez,bgomezdj@ucla.edu,57,65763
489,Carl,Reid,creiddk@wikimedia.org,58,65092
490,Virginia,Jacobs,vjacobsdl@bigcartel.com,60,34536
491,Eugene,Lopez,elopezdm@ucoz.com,23,31351
492,Teresa,Wood,twooddn@networkadvertising.org,24,26894
493,Joshua,Boyd,jboyddo@dailymail.co.uk,20,49296
494,Joseph,Henry,jhenrydp@cbc.ca,48,52678
495,Victor,Dean,vdeandq@github.io,25,83772
496,Timothy,Wright,twrightdr@tripadvisor.com,61,43431
497,Rachel,Stone,rstoneds@last.fm,38,97851
498,Steve,Gomez,sgomezdt@huffingtonpost.com,41,27359
499,Clarence,Wells,cwellsdu@tripod.com,29,34069
500,Kathy,Nguyen,knguyendv@reddit.com,50,58942
501,Lillian,Grant,lgrantdw@fda.gov,38,96617
502,Nicole,Myers,nmyersdx@infoseek.co.jp,29,84786
503,Todd,Collins,tcollinsdy@sina.com.cn,40,87865
504,Christine,Knight,cknightdz@indiatimes.com,46,26339
505,Albert,Kim,akime0@google.de,38,61709
506,Scott,Fuller,sfullere1@google.fr,55,38052
507,Melissa,Price,mpricee2@un.org,57,91660
508,Rachel,Miller,rmillere3@hao123.com,26,55552
509,Wayne,Schmidt,wschmidte4@blogger.com,60,88146
510,Emily,Moreno,emorenoe5@nature.com,51,53000
511,Ryan,Sullivan,rsullivane6@arstechnica.com,58,15508
512,Catherine,Kelley,ckelleye7@google.co.jp,58,55471
513,Earl,Murphy,emurphye8@oracle.com,46,29775
514,Jason,Crawford,jcrawforde9@mozilla.com,38,66914
515,Kathleen,Lopez,klopezea@netscape.com,64,53801
516,Beverly,Howard,bhowardeb@boston.com,31,64628
517,Mark,Gordon,mgordonec@tinypic.com,23,50356
518,Roger,Dunn,rdunned@purevolume.com,31,90994
519,Roy,Hunter,rhunteree@newsvine.com,60,39033
520,Gerald,Nelson,gnelsonef@over-blog.com,38,16325
521,Judith,Walker,jwalkereg@amazon.co.uk,27,80234
522,Joan,Vasquez,jvasquezeh@auda.org.au,49,62999
523,Diana,Oliver,doliverei@princeton.edu,56,53414
524,Joyce,Snyder,jsnyderej@bandcamp.com,39,62729
525,Sarah,Williamson,swilliamsonek@weibo.com,20,77400
526,Ruth,Martinez,rmartinezel@yandex.ru,61,74455
527,Henry,Franklin,hfranklinem@jiathis.com,32,96897
528,Shawn,Payne,spayneen@twitter.com,61,54459
529,Jessica,Weaver,jweavereo@icio.us,43,24445
530,Deborah,Graham,dgrahamep@elpais.com,54,45231
531,Bobby,Romero,bromeroeq@si.edu,65,22608
532,Lawrence,Marshall,lmarshaller@sfgate.com,29,35201
533,Karen,Campbell,kcampbelles@photobucket.com,49,21506
534,Rachel,Ramos,rramoset@ehow.com,51,47012
535,Joan,Ellis,jelliseu@weebly.com,63,27773
536,Shirley,Bishop,sbishopev@fc2.com,60,90738
537,Kenneth,Bishop,kbishopew@aboutads.info,58,84406
538,Ashley,Dixon,adixonex@goodreads.com,50,49421
539,Richard,Gordon,rgordoney@dropbox.com,49,21801
540,Andrew,Lewis,alewisez@weather.com,63,25656
541,David,Jacobs,djacobsf0@illinois.edu,29,22965
542,Cheryl,Powell,cpowellf1@themeforest.net,46,67955
543,Eric,Powell,epowellf2@netvibes.com,47,98201
544,Thomas,Wood,twoodf3@thetimes.co.uk,24,93699
545,Samuel,Tucker,stuckerf4@furl.net,54,62004
546,Shawn,Marshall,smarshallf5@feedburner.com,22,45897
547,Rachel,Henry,rhenryf6@baidu.com,36,81399
548,Bobby,Daniels,bdanielsf7@tripod.com,24,98042
549,Frances,Patterson,fpattersonf8@jimdo.com,43,18506
550,Doris,Ramos,dramosf9@squarespace.com,59,87750
551,Gerald,Morris,gmorrisfa@domainmarket.com,53,44303
552,Scott,Vasquez,svasquezfb@topsy.com,39,37879
553,Sharon,Elliott,selliottfc@wired.com,41,44545
554,Jacqueline,Spencer,jspencerfd@networkadvertising.org,63,89997
555,Billy,Robertson,brobertsonfe@blogger.com,45,73453
556,Betty,Bradley,bbradleyff@noaa.gov,53,19123
557,Sean,Bryant,sbryantfg@cnet.com,50,71458
558,Joe,Montgomery,jmontgomeryfh@wikispaces.com,64,62366
559,Gregory,Sims,gsimsfi@hp.com,36,98964
560,Kelly,Greene,kgreenefj@cafepress.com,50,52435
561,Janet,Watkins,jwatkinsfk@hugedomains.com,38,54714
562,Diana,Sims,dsimsfl@scientificamerican.com,56,16028
563,George,Sullivan,gsullivanfm@bravesites.com,63,54944
564,Betty,Flores,bfloresfn@ifeng.com,46,48104
565,Kimberly,Dean,kdeanfo@cpanel.net,62,87839
566,Terry,Day,tdayfp@lycos.com,59,94465
567,Anthony,George,ageorgefq@github.io,55,83976
568,Benjamin,Ruiz,bruizfr@rambler.ru,60,68747
569,Phyllis,Gray,pgrayfs@ihg.com,35,83041
570,Diane,Jones,djonesft@time.com,25,39900
571,Andrea,Turner,aturnerfu@baidu.com,53,33884
572,Walter,Jenkins,wjenkinsfv@bizjournals.com,26,24745
573,Mary,Davis,mdavisfw@mysql.com,28,51582
574,Raymond,Phillips,rphillipsfx@freewebs.com,54,51578
575,Peter,Henderson,phendersonfy@usnews.com,60,40720
576,Dorothy,Richardson,drichardsonfz@slate.com,26,60413
577,Jessica,Olson,jolsong0@pcworld.com,32,55912
578,Patricia,Richardson,prichardsong1@miibeian.gov.cn,36,47883
579,Arthur,Hunter,ahunterg2@arizona.edu,57,37944
580,James,Reyes,jreyesg3@tumblr.com,39,29356
581,Robert,Johnston,rjohnstong4@sogou.com,20,46860
582,Lillian,Lawson,llawsong5@sourceforge.net,59,97896
583,Brandon,Crawford,bcrawfordg6@1688.com,29,30416
584,Michelle,Davis,mdavisg7@discovery.com,29,64581
585,Donna,Lee,dleeg8@sciencedirect.com,55,79163
586,Sharon,Fisher,sfisherg9@sciencedaily.com,61,68365
587,John,Burke,jburkega@zdnet.com,39,51151
588,Betty,Lane,blanegb@virginia.edu,51,32631
589,Amy,Clark,aclarkgc@gnu.org,61,89964
590,Timothy,Marshall,tmarshallgd@webs.com,57,37332
591,Harry,Simpson,hsimpsonge@people.com.cn,23,51976
592,Nicole,Hall,nhallgf@elegantthemes.com,63,17889
593,Matthew,Ford,mfordgg@sogou.com,58,57617
594,Diane,Hunt,dhuntgh@so-net.ne.jp,38,69698
595,Mary,Myers,mmyersgi@globo.com,33,56755
596,Annie,James,ajamesgj@joomla.org,54,99435
597,Brandon,Gibson,bgibsongk@statcounter.com,42,91723
598,Johnny,Walker,jwalkergl@elegantthemes.com,38,38941
599,Ryan,Riley,rrileygm@bloomberg.com,60,71374
600,Fred,Henry,fhenrygn@auda.org.au,36,62244
601,Anthony,Fuller,afullergo@princeton.edu,33,32224
602,Thomas,Anderson,tandersongp@lycos.com,32,56476
603,Eugene,Gomez,egomezgq@mit.edu,26,26013
604,Carolyn,Arnold,carnoldgr@bbb.org,48,60598
605,Eugene,Clark,eclarkgs@artisteer.com,39,18549
606,Matthew,Ortiz,mortizgt@pbs.org,59,73618
607,Juan,Rose,jrosegu@ftc.gov,65,59039
608,Gloria,Fernandez,gfernandezgv@sourceforge.net,25,81911
609,Sean,Moore,smooregw@addthis.com,24,73347
610,Paula,Hart,phartgx@redcross.org,25,32437
611,Robin,Hansen,rhansengy@hao123.com,46,66500
612,Steve,Brown,sbrowngz@census.gov,42,90831
613,Doris,Pierce,dpierceh0@fema.gov,60,70733
614,Frances,Garrett,fgarretth1@hostgator.com,28,22619
615,Benjamin,Cox,bcoxh2@psu.edu,25,78441
616,Douglas,Black,dblackh3@baidu.com,32,95470
617,Jimmy,Webb,jwebbh4@dion.ne.jp,32,26140
618,Catherine,Morales,cmoralesh5@dailymotion.com,30,88727
619,Steve,Morris,smorrish6@narod.ru,35,88150
620,Jesse,Schmidt,jschmidth7@narod.ru,39,91157
621,Lois,Sanchez,lsanchezh8@jimdo.com,27,21844
622,Todd,Alvarez,talvarezh9@shutterfly.com,49,49031
623,Chris,Hughes,chughesha@yellowpages.com,43,41365
624,Jose,King,jkinghb@npr.org,62,27522
625,Susan,Gilbert,sgilberthc@netvibes.com,29,86285
626,Maria,Jackson,mjacksonhd@csmonitor.com,45,96045
627,Patrick,Barnes,pbarneshe@e-recht24.de,41,80267
628,Samuel,Daniels,sdanielshf@bravesites.com,48,51147
629,Jeffrey,Robinson,jrobinsonhg@i2i.jp,56,73804
630,Henry,Hernandez,hhernandezhh@yolasite.com,22,22685
631,Katherine,Stanley,kstanleyhi@cnn.com,56,98197
632,Chris,Griffin,cgriffinhj@mozilla.org,44,58581
633,Janet,Hughes,jhugheshk@about.me,53,37720
634,Jeremy,Hayes,jhayeshl@lulu.com,53,34722
635,Daniel,Knight,dknighthm@theguardian.com,41,97836
636,Diane,Fox,dfoxhn@apache.org,27,18014
637,Carolyn,Warren,cwarrenho@skyrock.com,50,29586
638,Annie,Sims,asimshp@hugedomains.com,26,60187
639,Terry,Bailey,tbaileyhq@hexun.com,56,98907
640,Pamela,Patterson,ppattersonhr@comsenz.com,54,69464
641,Donna,King,dkinghs@hatena.ne.jp,29,25565
642,Mary,Reynolds,mreynoldsht@paypal.com,44,41106
643,Mary,Schmidt,mschmidthu@soup.io,52,91450
644,Jacqueline,Thompson,jthompsonhv@reuters.com,53,24587
645,Betty,Jacobs,bjacobshw@hc360.com,54,89580
646,Jean,Lopez,jlopezhx@dot.gov,52,15721
647,Phillip,Gibson,pgibsonhy@storify.com,50,90626
648,Rose,Daniels,rdanielshz@rambler.ru,49,82372
649,Frank,Fields,ffieldsi0@is.gd,60,51493
650,Eric,Ramos,eramosi1@usatoday.com,65,29908
651,William,Martin,wmartini2@hostgator.com,42,24756
652,Anna,Ford,afordi3@cnbc.com,64,96149
653,Lillian,Hall,lhalli4@abc.net.au,52,31994
654,Johnny,Phillips,jphillipsi5@stanford.edu,40,68264
655,Joe,Robertson,jrobertsoni6@so-net.ne.jp,25,75702
656,Angela,Lawson,alawsoni7@ted.com,37,15291
657,Jeremy,Phillips,jphillipsi8@sakura.ne.jp,40,63867
658,Raymond,Green,rgreeni9@reference.com,40,72066
659,Harry,Richards,hrichardsia@cmu.edu,42,82074
660,Craig,Black,cblackib@amazon.com,32,87346
661,Clarence,Fowler,cfowleric@php.net,40,71614
662,Paul,Jacobs,pjacobsid@cdbaby.com,43,49576
663,Keith,Cruz,kcruzie@wordpress.org,62,63636
664,Dorothy,Little,dlittleif@state.tx.us,31,54428
665,Brenda,Nichols,bnicholsig@si.edu,27,30159
666,Jason,Kennedy,jkennedyih@yellowpages.com,48,40965
667,Nancy,Franklin,nfranklinii@zimbio.com,28,47725
668,Aaron,Burton,aburtonij@sfgate.com,64,68749
669,Irene,Moreno,imorenoik@360.cn,27,80827
670,Robin,Andrews,randrewsil@symantec.com,27,56838
671,Ronald,Martinez,rmartinezim@dagondesign.com,55,71249
672,Margaret,Robinson,mrobinsonin@geocities.jp,31,52732
673,Sara,Fowler,sfowlerio@constantcontact.com,30,58436
674,Donald,Cox,dcoxip@about.com,33,62161
675,Cheryl,Turner,cturneriq@t-online.de,36,77036
676,James,Boyd,jboydir@mlb.com,46,64440
677,Christopher,Hicks,chicksis@reference.com,43,40447
678,Carolyn,Schmidt,cschmidtit@whitehouse.gov,49,92289
679,Willie,Little,wlittleiu@unesco.org,32,17520
680,Joshua,Alexander,jalexanderiv@disqus.com,20,98583
681,Matthew,Andrews,mandrewsiw@miibeian.gov.cn,32,71659
682,Clarence,Porter,cporterix@globo.com,28,35501
683,Jose,Arnold,jarnoldiy@infoseek.co.jp,47,96602
684,Kevin,Wright,kwrightiz@hhs.gov,54,78806
685,Karen,Hawkins,khawkinsj0@artisteer.com,57,75374
686,Ronald,Lewis,rlewisj1@mysql.com,22,33781
687,Nicholas,Webb,nwebbj2@nationalgeographic.com,59,32368
688,Sarah,Welch,swelchj3@qq.com,52,43776
689,Jimmy,Brooks,jbrooksj4@un.org,32,87171
690,Keith,Hamilton,khamiltonj5@mediafire.com,43,55108
691,Jonathan,Black,jblackj6@google.fr,31,49955
692,Carl,Burton,cburtonj7@fda.gov,40,49513
693,Anne,Castillo,acastilloj8@addthis.com,38,17054
694,Phyllis,Bishop,pbishopj9@soundcloud.com,37,88801
695,Nicole,Chavez,nchavezja@com.com,31,69183
696,Harry,Hernandez,hhernandezjb@ucoz.ru,55,43960
697,Shawn,Martinez,smartinezjc@vimeo.com,60,84746
698,Billy,Hudson,bhudsonjd@imdb.com,35,18349
699,Janice,Bowman,jbowmanje@cnet.com,59,23572
700,Steven,Rodriguez,srodriguezjf@blogspot.com,43,74862
701,Willie,Wheeler,wwheelerjg@narod.ru,62,91004
702,Virginia,Palmer,vpalmerjh@cocolog-nifty.com,47,50106
703,Andrew,Hill,ahillji@answers.com,47,51527
704,Terry,Willis,twillisjj@hao123.com,58,62346
705,Carol,Gonzales,cgonzalesjk@census.gov,49,33443
706,Michael,Henry,mhenryjl@nbcnews.com,32,37413
707,Larry,Murphy,lmurphyjm@sun.com,37,35508
708,Louise,Graham,lgrahamjn@senate.gov,61,45171
709,Denise,Hudson,dhudsonjo@blog.com,58,34453
710,Beverly,Harper,bharperjp@google.fr,40,30763
711,Anne,Arnold,aarnoldjq@livejournal.com,47,44720
712,Angela,Rodriguez,arodriguezjr@ucla.edu,62,69426
713,Alice,Richardson,arichardsonjs@nsw.gov.au,22,63731
714,Tina,Grant,tgrantjt@businessweek.com,38,96229
715,Jimmy,Hughes,jhughesju@nasa.gov,64,28227
716,Bonnie,Morales,bmoralesjv@exblog.jp,26,23375
717,Maria,Bishop,mbishopjw@taobao.com,57,35809
718,Catherine,White,cwhitejx@telegraph.co.uk,64,63306
719,Robin,Ryan,rryanjy@ca.gov,31,35607
720,Paul,Lee,pleejz@seattletimes.com,55,42782
721,Pamela,Chapman,pchapmank0@ebay.com,26,29689
722,Raymond,Campbell,rcampbellk1@amazon.com,60,87573
723,Wayne,Williams,wwilliamsk2@latimes.com,54,29129
724,Stephen,Simpson,ssimpsonk3@abc.net.au,36,31455
725,Daniel,Crawford,dcrawfordk4@hubpages.com,22,75009
726,Michael,Myers,mmyersk5@wp.com,65,42846
727,Stephanie,Phillips,sphillipsk6@msn.com,52,45285
728,Antonio,Lee,aleek7@tripod.com,44,87947
729,Frances,Hudson,fhudsonk8@amazonaws.com,30,16187
730,Mark,Berry,mberryk9@nasa.gov,38,82916
731,Keith,Grant,kgrantka@plala.or.jp,48,90790
732,Antonio,Gray,agraykb@sphinn.com,61,93509
733,Deborah,Palmer,dpalmerkc@uol.com.br,63,67891
734,Ralph,Johnson,rjohnsonkd@hp.com,21,36270
735,Gregory,Martinez,gmartinezke@jigsy.com,45,79605
736,Larry,Bryant,lbryantkf@soup.io,34,89025
737,Shawn,Stone,sstonekg@weibo.com,58,30346
738,Phyllis,Foster,pfosterkh@hostgator.com,20,76879
739,Jeremy,Cox,jcoxki@github.com,27,90105
740,Shirley,Franklin,sfranklinkj@loc.gov,23,91616
741,Janice,Hansen,jhansenkk@google.com,35,38520
742,Donald,Phillips,dphillipskl@noaa.gov,42,45117
743,Annie,Bryant,abryantkm@vimeo.com,39,52257
744,Virginia,Elliott,velliottkn@netvibes.com,28,84391
745,Anna,Perez,aperezko@pcworld.com,39,25575
746,Lori,Wilson,lwilsonkp@google.com.hk,34,71863
747,Peter,Torres,ptorreskq@umn.edu,21,66309
748,Henry,Ward,hwardkr@archive.org,40,68280
749,Diana,Simmons,dsimmonsks@wix.com,50,75062
750,Jean,Martin,jmartinkt@scientificamerican.com,64,48649
751,Billy,Dean,bdeanku@mashable.com,36,78750
752,Christopher,Peters,cpeterskv@apple.com,51,47028
753,Judy,Stanley,jstanleykw@soup.io,25,90464
754,Timothy,Fields,tfieldskx@jigsy.com,61,24233
755,Craig,Garcia,cgarciaky@fotki.com,45,36160
756,Kathryn,Owens,kowenskz@whitehouse.gov,52,17476
757,Evelyn,Simpson,esimpsonl0@sina.com.cn,60,33258
758,Paula,Morgan,pmorganl1@studiopress.com,43,60542
759,Ashley,Dean,adeanl2@ed.gov,35,53943
760,Carol,Washington,cwashingtonl3@nifty.com,31,81449
761,Kathryn,Mcdonald,kmcdonaldl4@behance.net,37,15543
762,Diane,Dixon,ddixonl5@webnode.com,21,73145
763,Roy,Wallace,rwallacel6@kickstarter.com,54,32428
764,Timothy,Hawkins,thawkinsl7@toplist.cz,37,83036
765,Sandra,Day,sdayl8@networksolutions.com,26,86973
766,Earl,Porter,eporterl9@eventbrite.com,43,71032
767,Joan,Jordan,jjordanla@g.co,57,33501
768,Linda,Stanley,lstanleylb@baidu.com,29,48291
769,Harold,Johnston,hjohnstonlc@yellowpages.com,33,89223
770,Andrew,Jenkins,ajenkinsld@noaa.gov,38,62497
771,Ann,Barnes,abarnesle@nationalgeographic.com,46,95422
772,Kathleen,Bennett,kbennettlf@zdnet.com,23,46140
773,Scott,Elliott,selliottlg@privacy.gov.au,48,60298
774,Maria,Price,mpricelh@europa.eu,21,29261
775,Betty,Rogers,brogersli@blinklist.com,45,32322
776,Irene,Schmidt,ischmidtlj@linkedin.com,27,61859
777,Harry,Wheeler,hwheelerlk@illinois.edu,21,82920
778,Philip,Bradley,pbradleyll@thetimes.co.uk,62,71554
779,Michelle,Coleman,mcolemanlm@buzzfeed.com,59,37383
780,Alice,Scott,ascottln@booking.com,22,76600
781,Lois,Long,llonglo@histats.com,29,23696
782,Ralph,Gutierrez,rgutierrezlp@goodreads.com,30,54825
783,Jacqueline,Berry,jberrylq@nps.gov,63,55812
784,Shirley,Flores,sfloreslr@google.it,34,66409
785,Doris,Hudson,dhudsonls@storify.com,58,26625
786,Carl,Allen,callenlt@yandex.ru,21,87446
787,Janice,Riley,jrileylu@fastcompany.com,29,70870
788,Jeremy,Reynolds,jreynoldslv@japanpost.jp,43,62446
789,Linda,Robertson,lrobertsonlw@prlog.org,20,98526
790,Dennis,Ryan,dryanlx@elpais.com,60,52935
791,Mary,Powell,mpowellly@github.io,45,56305
792,Chris,Owens,cowenslz@yale.edu,26,26445
793,Patrick,Gonzales,pgonzalesm0@vk.com,28,23791
794,Gregory,Mitchell,gmitchellm1@dropbox.com,47,51258
795,Roy,Rose,rrosem2@tinypic.com,38,67565
796,Denise,Ray,draym3@zimbio.com,50,34206
797,Jeffrey,Patterson,jpattersonm4@engadget.com,44,77079
798,Elizabeth,Turner,eturnerm5@forbes.com,42,30971
799,Nancy,Ryan,nryanm6@ed.gov,42,51820
800,George,Gordon,ggordonm7@buzzfeed.com,53,57339
801,Maria,Cox,mcoxm8@indiegogo.com,31,85528
802,Earl,Moore,emoorem9@cbc.ca,30,39853
803,Amy,Elliott,aelliottma@jigsy.com,40,94541
804,Tina,Webb,twebbmb@weather.com,64,50007
805,Pamela,Baker,pbakermc@bing.com,52,56669
806,Bruce,Jones,bjonesmd@arstechnica.com,52,83478
807,Anna,Bradley,abradleyme@ameblo.jp,40,66446
808,Karen,Turner,kturnermf@patch.com,58,64205
809,Marie,Boyd,mboydmg@admin.ch,29,87784
810,Ruth,Flores,rfloresmh@nymag.com,40,24872
811,Rose,Hernandez,rhernandezmi@cornell.edu,64,70713
812,Debra,Sanchez,dsanchezmj@ox.ac.uk,61,37746
813,Lori,Boyd,lboydmk@ycombinator.com,34,15553
814,Jeffrey,Garza,jgarzaml@go.com,27,98867
815,Amy,Thompson,athompsonmm@wordpress.org,39,98085
816,Lori,Brown,lbrownmn@spotify.com,22,82511
817,Patrick,Edwards,pedwardsmo@wiley.com,53,71750
818,Mildred,Ross,mrossmp@de.vu,29,67964
819,Lawrence,Cook,lcookmq@ca.gov,41,51969
820,Amy,Harvey,aharveymr@mayoclinic.com,40,32497
821,Albert,Moore,amoorems@google.pl,61,70564
822,Ryan,Spencer,rspencermt@ox.ac.uk,42,43947
823,Howard,Howard,hhowardmu@spotify.com,33,22116
824,Lois,Kim,lkimmv@liveinternet.ru,37,47191
825,Patrick,Cooper,pcoopermw@reuters.com,51,22251
826,Norma,Boyd,nboydmx@scientificamerican.com,25,39820
827,Joseph,Gonzalez,jgonzalezmy@census.gov,43,15391
828,Emily,Berry,eberrymz@cbsnews.com,55,49559
829,Denise,Howard,dhowardn0@squidoo.com,52,87472
830,Johnny,Hall,jhalln1@woothemes.com,35,43199
831,Raymond,West,rwestn2@shareasale.com,60,79467
832,Joan,Moreno,jmorenon3@icio.us,37,99730
833,Russell,Nguyen,rnguyenn4@loc.gov,56,71903
834,Emily,Barnes,ebarnesn5@delicious.com,59,49160
835,Heather,Ramirez,hramirezn6@facebook.com,49,82662
836,Deborah,Dunn,ddunnn7@nydailynews.com,55,33351
837,Carlos,Andrews,candrewsn8@pen.io,22,31349
838,Dennis,Kelley,dkelleyn9@freewebs.com,59,70915
839,Frank,Weaver,fweaverna@bbb.org,40,29933
840,Judith,Mills,jmillsnb@ovh.net,21,42512
841,Wayne,Lawson,wlawsonnc@umich.edu,61,48398
842,Ann,Clark,aclarknd@example.com,30,24349
843,Jerry,Hall,jhallne@mlb.com,44,84462
844,Joan,Foster,jfosternf@walmart.com,20,39374
845,Steve,Baker,sbakerng@adobe.com,63,80389
846,Philip,Hunter,phunternh@taobao.com,54,86432
847,Steve,Adams,sadamsni@quantcast.com,60,33065
848,Susan,Mcdonald,smcdonaldnj@purevolume.com,32,77378
849,Brian,Mitchell,bmitchellnk@yellowbook.com,37,53185
850,Ronald,Flores,rfloresnl@europa.eu,23,82418
851,Katherine,Scott,kscottnm@merriam-webster.com,45,55994
852,Patricia,Dean,pdeannn@amazon.com,48,39678
853,Amanda,Reynolds,areynoldsno@chron.com,56,76755
854,Kathleen,Warren,kwarrennp@cnbc.com,22,23450
855,Janice,Phillips,jphillipsnq@rambler.ru,34,70062
856,Jack,Lawrence,jlawrencenr@dagondesign.com,48,91038
857,Carl,Peterson,cpetersonns@istockphoto.com,34,98582
858,Samuel,Day,sdaynt@sourceforge.net,61,68579
859,Christina,Cox,ccoxnu@blog.com,27,85624
860,Jesse,Garcia,jgarcianv@51.la,46,69699
861,Debra,Price,dpricenw@chicagotribune.com,25,24817
862,Patrick,Alexander,palexandernx@so-net.ne.jp,32,93943
863,Larry,Fox,lfoxny@geocities.com,40,65457
864,Carol,Hamilton,chamiltonnz@archive.org,46,81392
865,Jose,Boyd,jboydo0@networkadvertising.org,27,40139
866,Steve,Hart,sharto1@bloglines.com,27,50916
867,Carolyn,Phillips,cphillipso2@businessinsider.com,46,31804
868,Joseph,Perry,jperryo3@ed.gov,30,30717
869,Margaret,Watkins,mwatkinso4@yandex.ru,47,65027
870,Roy,Hall,rhallo5@marriott.com,32,25081
871,Ronald,Brown,rbrowno6@si.edu,63,97427
872,Andrew,Fuller,afullero7@shop-pro.jp,33,49029
873,Clarence,Fuller,cfullero8@mac.com,46,32300
874,Juan,Richardson,jrichardsono9@livejournal.com,48,84931
875,Katherine,West,kwestoa@godaddy.com,46,68115
876,Ernest,Duncan,eduncanob@wp.com,22,28571
877,Samuel,Lawrence,slawrenceoc@wix.com,42,58815
878,Bobby,Grant,bgrantod@yellowpages.com,48,77971
879,Helen,Cole,hcoleoe@mayoclinic.com,43,72690
880,Amanda,Hudson,ahudsonof@reddit.com,49,23237
881,Joe,Wood,jwoodog@miitbeian.gov.cn,23,97324
882,Patrick,Hill,philloh@sitemeter.com,35,99175
883,Cynthia,Harvey,charveyoi@cpanel.net,50,40760
884,Katherine,Wheeler,kwheeleroj@360.cn,31,18356
885,Shawn,Wright,swrightok@jimdo.com,33,35334
886,Pamela,Davis,pdavisol@tripadvisor.com,55,59905
887,Louis,Collins,lcollinsom@slate.com,23,84617
888,William,Johnson,wjohnsonon@businessinsider.com,53,88085
889,Scott,Carr,scarroo@ucsd.edu,45,17443
890,Louise,Nelson,lnelsonop@privacy.gov.au,24,55103
891,Kelly,Burton,kburtonoq@sbwire.com,50,72532
892,Ruby,Wilson,rwilsonor@nyu.edu,31,32475
893,Lisa,Gilbert,lgilbertos@squarespace.com,55,60616
894,Robin,Snyder,rsnyderot@zdnet.com,26,46678
895,Harry,Lee,hleeou@admin.ch,29,60251
896,Donald,Vasquez,dvasquezov@adobe.com,59,16091
897,Andrea,Jackson,ajacksonow@chron.com,41,86827
898,David,Alexander,dalexanderox@gnu.org,44,20827
899,John,Ramos,jramosoy@msn.com,50,69751
900,George,Gomez,ggomezoz@yahoo.com,28,80341
901,Helen,Scott,hscottp0@ca.gov,59,19508
902,Evelyn,Morris,emorrisp1@wiley.com,56,33580
903,Ernest,Rivera,eriverap2@skype.com,24,42051
904,Sandra,Matthews,smatthewsp3@blogger.com,29,27931
905,Carlos,Moreno,cmorenop4@illinois.edu,27,55326
906,Marilyn,Snyder,msnyderp5@ycombinator.com,57,16143
907,Ruby,Shaw,rshawp6@google.cn,61,43659
908,Stephen,Sanders,ssandersp7@weibo.com,52,87958
909,Catherine,Collins,ccollinsp8@dedecms.com,22,87912
910,Carol,Brown,cbrownp9@ehow.com,46,53754
911,Stephen,Fernandez,sfernandezpa@weibo.com,51,65814
912,Annie,Johnson,ajohnsonpb@istockphoto.com,27,16964
913,Bobby,Parker,bparkerpc@thetimes.co.uk,64,39572
914,Marilyn,Little,mlittlepd@google.ru,42,60358
915,Mary,Green,mgreenpe@1und1.de,57,99937
916,Anne,Berry,aberrypf@w3.org,33,98871
917,Sara,Ellis,sellispg@amazon.com,59,43018
918,Anna,Warren,awarrenph@addtoany.com,39,62046
919,Denise,Washington,dwashingtonpi@nytimes.com,54,50349
920,Keith,Long,klongpj@ning.com,30,40362
921,Kathleen,Cunningham,kcunninghampk@booking.com,29,70654
922,Michelle,Meyer,mmeyerpl@cpanel.net,61,20845
923,Brandon,Berry,bberrypm@archive.org,32,35796
924,Mildred,Freeman,mfreemanpn@discuz.net,51,50456
925,Jacqueline,Andrews,jandrewspo@about.me,30,83560
926,Todd,Spencer,tspencerpp@nhs.uk,27,54510
927,Linda,Foster,lfosterpq@plala.or.jp,51,93001
928,Phyllis,Brooks,pbrookspr@cargocollective.com,57,27565
929,Pamela,Burton,pburtonps@dell.com,63,97333
930,Carolyn,Crawford,ccrawfordpt@springer.com,39,26987
931,Phyllis,Ruiz,pruizpu@google.com,24,68926
932,Wayne,Day,wdaypv@ucsd.edu,63,79128
933,Ronald,Ortiz,rortizpw@nymag.com,25,15226
934,Jack,Lynch,jlynchpx@myspace.com,49,29399
935,Joshua,Flores,jflorespy@vistaprint.com,65,29114
936,Todd,Foster,tfosterpz@prweb.com,29,69793
937,Chris,Arnold,carnoldq0@google.com,52,90672
938,Shawn,Holmes,sholmesq1@nih.gov,62,99223
939,Samuel,Morales,smoralesq2@dropbox.com,28,88234
940,Jennifer,Oliver,joliverq3@topsy.com,39,72929
941,Jerry,Weaver,jweaverq4@360.cn,23,34295
942,Judy,Morrison,jmorrisonq5@apple.com,55,54693
943,Jose,Dixon,jdixonq6@webmd.com,36,67164
944,Chris,Hall,challq7@rakuten.co.jp,35,30530
945,Nicole,Bennett,nbennettq8@eventbrite.com,51,40954
946,Bruce,Elliott,belliottq9@mlb.com,47,77539
947,Joyce,Gutierrez,jgutierrezqa@last.fm,45,96204
948,Deborah,Mason,dmasonqb@icq.com,53,95666
949,Jessica,Hicks,jhicksqc@technorati.com,21,95159
950,Linda,Day,ldayqd@opensource.org,24,22510
951,Jose,Hughes,jhughesqe@answers.com,39,44300
952,Judy,Alvarez,jalvarezqf@state.tx.us,48,25293
953,Peter,Knight,pknightqg@google.fr,42,42545
954,Sandra,Payne,spayneqh@businessweek.com,40,81995
955,Jeffrey,Sanders,jsandersqi@networkadvertising.org,25,76762
956,Nancy,Woods,nwoodsqj@bbb.org,48,20909
957,Doris,Thompson,dthompsonqk@chronoengine.com,52,97501
958,Steven,Green,sgreenql@phoca.cz,36,24411
959,Janice,Rivera,jriveraqm@nasa.gov,49,43528
960,Carl,Day,cdayqn@nymag.com,36,75730
961,Earl,Lee,eleeqo@time.com,26,91564
962,Diana,Barnes,dbarnesqp@creativecommons.org,45,63663
963,Rebecca,Young,ryoungqq@webs.com,42,88600
964,Brandon,Barnes,bbarnesqr@census.gov,56,48875
965,Carlos,Diaz,cdiazqs@ameblo.jp,26,29164
966,Diana,Wood,dwoodqt@upenn.edu,59,90015
967,Barbara,Flores,bfloresqu@arizona.edu,37,49850
968,Jason,Schmidt,jschmidtqv@state.gov,41,38302
969,Philip,Rice,priceqw@narod.ru,57,61947
970,Ronald,Ruiz,rruizqx@spotify.com,45,88536
971,Julie,Mendoza,jmendozaqy@nytimes.com,27,68815
972,Joan,Ramirez,jramirezqz@multiply.com,38,95137
973,Juan,Welch,jwelchr0@technorati.com,33,51467
974,Anthony,Cruz,acruzr1@ucsd.edu,31,90527
975,Ruth,Dean,rdeanr2@comsenz.com,35,36647
976,Patrick,Rodriguez,prodriguezr3@typepad.com,52,37686
977,Stephanie,Sullivan,ssullivanr4@narod.ru,25,77885
978,Kevin,Johnston,kjohnstonr5@ted.com,53,46580
979,Antonio,Bailey,abaileyr6@lulu.com,63,93756
980,Betty,Tucker,btuckerr7@rakuten.co.jp,22,78124
981,Ann,Thompson,athompsonr8@discuz.net,25,81837
982,Jeffrey,Freeman,jfreemanr9@ezinearticles.com,63,25495
983,George,Patterson,gpattersonra@smugmug.com,52,67072
984,Alice,Chavez,achavezrb@taobao.com,30,51931
985,Lisa,Mason,lmasonrc@arstechnica.com,20,87673
986,Victor,Lawrence,vlawrencerd@webeden.co.uk,39,20417
987,Frank,Phillips,fphillipsre@redcross.org,57,16329
988,Anne,Henderson,ahendersonrf@smh.com.au,51,87669
989,Laura,Spencer,lspencerrg@live.com,43,34430
990,Lisa,Owens,lowensrh@edublogs.org,65,87484
991,Beverly,Bennett,bbennettri@spotify.com,20,68920
992,Diana,Harris,dharrisrj@apple.com,48,63482
993,Christopher,Fuller,cfullerrk@com.com,65,72261
994,Wanda,Kelly,wkellyrl@aol.com,58,72830
995,Kelly,Dunn,kdunnrm@dailymotion.com,45,15885
996,Jose,Wagner,jwagnerrn@jigsy.com,49,63137
997,Henry,Butler,hbutlerro@ft.com,24,57891
998,Tina,Alvarez,talvarezrp@whitehouse.gov,29,15085
999,Theresa,Edwards,tedwardsrq@huffingtonpost.com,47,27141
1000,Terry,Miller,tmillerrr@symantec.com,37,59121
